[{
    "id":"0",
    "title":"Honda Civic",
    "desc":"Best japanese car",
    "quantity":"24",
    "price":17800,
    "image":"https://s.aolcdn.com/dims-global/dims3/GLOB/legacy_thumbnail/788x525/quality/85/https://s.aolcdn.com/commerce/autodata/images/CAC70HOC021B121001.jpg"
},{
    "id":"1",
    "title":"Dacia Duster",
    "desc":"Best offroad car",
    "quantity":"39",
    "price":12000,     "image":"https://www.cdn.daciagroup.com/content/dam/Dacia/master/vehicles/duster/h79-duster/H79-Duster-ph2/Features/design/dacia-duster-h79-ph2-features-design-003.jpg.ximg.l_full_m.smart.jpg"
},{
    "id":"2",
    "title":"Ferrari",
    "desc":"Best sports car",
    "quantity":"1",
    "price":200000,    "image":"https://cdn.jamesedition.com/media/W1siZiIsImxpc3RpbmdfaW1hZ2VzLzIwMTcvMDQvMTgvMTIvNTQvMTAvOTZmNzlhNTItNmFlNi00NmY5LTlmMjYtM2UwMmI1YzhkNWNiL19EU0MxOTY1IGFzIFNtYXJ0IE9iamVjdC0xLmpwZyJdXQ/ferrari-308-gtb.jpg?sha=6b82d7e751f500fc"
}]